past_year_purchase_quantity,past_year_purchase_value,amazon_account_tenure_in_months,payment_decline_number,marketplace_name,last_updated_date
0,0,189,0,US, 07/01/2015
0,0,208,0,US, 07/01/2015
0,0,219,0,US, 07/01/2015
0,0,231,0,US, 07/01/2015
0,0,205,0,US, 07/01/2015
0,0,203,0,US, 07/01/2015
0,0,233,0,US, 07/01/2015
0,0,167,0,US, 07/01/2015
0,0,237,0,US, 07/01/2015
0,0,171,0,US, 07/01/2015
0,0,176,0,US, 07/01/2015
0,0,180,3,US, 07/01/2015
0,0,226,0,US, 07/01/2015
0,0,186,3,US, 07/01/2015
0,0,175,0,US, 07/01/2015
0,0,222,0,US, 07/01/2015
0,0,218,0,US, 07/01/2015
0,0,174,0,US, 07/01/2015
0,0,195,0,US, 07/01/2015
0,0,218,0,US, 07/01/2015
0,0,198,0,US, 07/01/2015
0,0,201,0,US, 07/01/2015
0,0,209,0,US, 07/01/2015
0,0,200,0,US, 07/01/2015
0,0,162,0,US, 07/01/2015
0,0,213,0,US, 07/01/2015
0,0,219,0,US, 07/01/2015
0,0,166,0,US, 07/01/2015
0,0,193,0,US, 07/01/2015
0,0,173,0,US, 07/01/2015
0,0,215,0,US, 07/01/2015
0,0,170,0,US, 07/01/2015
0,0,187,3,US, 07/01/2015
0,0,182,3,US, 07/01/2015
0,0,219,0,US, 07/01/2015
0,0,192,0,US, 07/01/2015
0,0,178,3,US, 07/01/2015
0,0,185,3,US, 07/01/2015
0,0,235,0,US, 07/01/2015
0,0,189,0,US, 11/01/2015
0,0,208,0,US, 11/01/2015
0,0,219,0,US, 11/01/2015
0,0,231,0,US, 11/01/2015
0,0,205,0,US, 11/01/2015
0,0,203,0,US, 11/01/2015
0,0,233,0,US, 11/01/2015
0,0,167,0,US, 11/01/2015
0,0,237,0,US, 11/01/2015
0,0,171,0,US, 11/01/2015
0,0,176,0,US, 11/01/2015
0,0,180,3,US, 11/01/2015
0,0,226,0,US, 11/01/2015
0,0,186,3,US, 11/01/2015
0,0,175,0,US, 11/01/2015
0,0,222,0,US, 11/01/2015
0,0,218,0,US, 11/01/2015
0,0,174,0,US, 11/01/2015
0,0,195,0,US, 11/01/2015
0,0,218,0,US, 11/01/2015
0,0,198,0,US, 11/01/2015
0,0,201,0,US, 11/01/2015
0,0,209,0,US, 11/01/2015
0,0,200,0,US, 11/01/2015
0,0,162,0,US, 11/01/2015
0,0,213,0,US, 11/01/2015
0,0,219,0,US, 11/01/2015
0,0,166,0,US, 11/01/2015
0,0,193,0,US, 11/01/2015
0,0,173,0,US, 11/01/2015
0,0,215,0,US, 11/01/2015
0,0,170,0,US, 11/01/2015
0,0,187,3,US, 11/01/2015
0,0,182,3,US, 11/01/2015
0,0,219,0,US, 11/01/2015
0,0,192,0,US, 11/01/2015
0,0,178,3,US, 11/01/2015
0,0,185,3,US, 11/01/2015
0,0,235,0,US, 11/01/2015
0,0,189,0,US, 12/01/2015
0,0,208,0,US, 12/01/2015
0,0,219,0,US, 12/01/2015
0,0,231,0,US, 12/01/2015
0,0,205,0,US, 12/01/2015
0,0,203,0,US, 12/01/2015
0,0,233,0,US, 12/01/2015
0,0,167,0,US, 12/01/2015
0,0,237,0,US, 12/01/2015
0,0,171,0,US, 12/01/2015
0,0,176,0,US, 12/01/2015
0,0,180,3,US, 12/01/2015
0,0,226,0,US, 12/01/2015
0,0,186,3,US, 12/01/2015
0,0,175,0,US, 12/01/2015
0,0,222,0,US, 12/01/2015
0,0,218,0,US, 12/01/2015
0,0,174,0,US, 12/01/2015
0,0,195,0,US, 12/01/2015
0,0,218,0,US, 12/01/2015
0,0,198,0,US, 12/01/2015
0,0,201,0,US, 12/01/2015
0,0,209,0,US, 12/01/2015
0,0,200,0,US, 12/01/2015
0,0,162,0,US, 12/01/2015
0,0,213,0,US, 12/01/2015
0,0,219,0,US, 12/01/2015
0,0,166,0,US, 12/01/2015
0,0,193,0,US, 12/01/2015
0,0,173,0,US, 12/01/2015
0,0,215,0,US, 12/01/2015
0,0,170,0,US, 12/01/2015
0,0,187,3,US, 12/01/2015
0,0,182,3,US, 12/01/2015
0,0,219,0,US, 12/01/2015
0,0,192,0,US, 12/01/2015
0,0,178,3,US, 12/01/2015
0,0,185,3,US, 12/01/2015
0,0,235,0,US, 12/01/2015
0,0,189,0,US, 03/01/2016
0,0,208,0,US, 03/01/2016
0,0,219,0,US, 03/01/2016
0,0,231,0,US, 03/01/2016
0,0,205,0,US, 03/01/2016
0,0,203,0,US, 03/01/2016
0,0,233,0,US, 03/01/2016
0,0,167,0,US, 03/01/2016
0,0,237,0,US, 03/01/2016
0,0,171,0,US, 03/01/2016
0,0,176,0,US, 03/01/2016
0,0,180,3,US, 03/01/2016
0,0,226,0,US, 03/01/2016
0,0,186,3,US, 03/01/2016
0,0,175,0,US, 03/01/2016
0,0,222,0,US, 03/01/2016
0,0,218,0,US, 03/01/2016
0,0,174,0,US, 03/01/2016
0,0,195,0,US, 03/01/2016
0,0,218,0,US, 03/01/2016
0,0,198,0,US, 03/01/2016
0,0,201,0,US, 03/01/2016
0,0,209,0,US, 03/01/2016
0,0,200,0,US, 03/01/2016
0,0,162,0,US, 03/01/2016
0,0,213,0,US, 03/01/2016
0,0,219,0,US, 03/01/2016
0,0,166,0,US, 03/01/2016
0,0,193,0,US, 03/01/2016
0,0,173,0,US, 03/01/2016
0,0,215,0,US, 03/01/2016
0,0,170,0,US, 03/01/2016
0,0,187,3,US, 03/01/2016
0,0,182,3,US, 03/01/2016
0,0,219,0,US, 03/01/2016
0,0,192,0,US, 03/01/2016
0,0,178,3,US, 03/01/2016
0,0,185,3,US, 03/01/2016
0,0,235,0,US, 03/01/2016
0,0,189,0,US, 04/01/2016
0,0,208,0,US, 04/01/2016
0,0,219,0,US, 04/01/2016
0,0,231,0,US, 04/01/2016
0,0,205,0,US, 04/01/2016
0,0,203,0,US, 04/01/2016
0,0,233,0,US, 04/01/2016
0,0,167,0,US, 04/01/2016
0,0,237,0,US, 04/01/2016
0,0,171,0,US, 04/01/2016
0,0,176,0,US, 04/01/2016
0,0,180,3,US, 04/01/2016
0,0,226,0,US, 04/01/2016
0,0,186,3,US, 04/01/2016
0,0,175,0,US, 04/01/2016
0,0,222,0,US, 04/01/2016
0,0,218,0,US, 04/01/2016
0,0,174,0,US, 04/01/2016
0,0,195,0,US, 04/01/2016
0,0,218,0,US, 04/01/2016
0,0,198,0,US, 04/01/2016
0,0,201,0,US, 04/01/2016
0,0,209,0,US, 04/01/2016
0,0,200,0,US, 04/01/2016
0,0,162,0,US, 04/01/2016
0,0,213,0,US, 04/01/2016
0,0,219,0,US, 04/01/2016
0,0,166,0,US, 04/01/2016
0,0,193,0,US, 04/01/2016
0,0,173,0,US, 04/01/2016
0,0,215,0,US, 04/01/2016
0,0,170,0,US, 04/01/2016
0,0,187,3,US, 04/01/2016
0,0,182,3,US, 04/01/2016
0,0,219,0,US, 04/01/2016
0,0,192,0,US, 04/01/2016
0,0,178,3,US, 04/01/2016
0,0,185,3,US, 04/01/2016
0,0,235,0,US, 04/01/2016
0,0,189,0,US, 06/01/2016
0,0,208,0,US, 06/01/2016
0,0,219,0,US, 06/01/2016
0,0,231,0,US, 06/01/2016
0,0,205,0,US, 06/01/2016
0,0,203,0,US, 06/01/2016
0,0,233,0,US, 06/01/2016
0,0,167,0,US, 06/01/2016
0,0,237,0,US, 06/01/2016
0,0,171,0,US, 06/01/2016
0,0,176,0,US, 06/01/2016
0,0,180,3,US, 06/01/2016
0,0,226,0,US, 06/01/2016
0,0,186,3,US, 06/01/2016
0,0,175,0,US, 06/01/2016
0,0,222,0,US, 06/01/2016
0,0,218,0,US, 06/01/2016
0,0,174,0,US, 06/01/2016
0,0,195,0,US, 06/01/2016
0,0,218,0,US, 06/01/2016
0,0,198,0,US, 06/01/2016
0,0,201,0,US, 06/01/2016
0,0,209,0,US, 06/01/2016
0,0,200,0,US, 06/01/2016
0,0,162,0,US, 06/01/2016
0,0,213,0,US, 06/01/2016
0,0,219,0,US, 06/01/2016
0,0,166,0,US, 06/01/2016
0,0,193,0,US, 06/01/2016
0,0,173,0,US, 06/01/2016
0,0,215,0,US, 06/01/2016
0,0,170,0,US, 06/01/2016
0,0,187,3,US, 06/01/2016
0,0,182,3,US, 06/01/2016
0,0,219,0,US, 06/01/2016
0,0,192,0,US, 06/01/2016
0,0,178,3,US, 06/01/2016
0,0,185,3,US, 06/01/2016
0,0,235,0,US, 06/01/2016
0,0,189,0,US, 07/01/2016
0,0,208,0,US, 07/01/2016
0,0,219,0,US, 07/01/2016
0,0,231,0,US, 07/01/2016
0,0,205,0,US, 07/01/2016
0,0,203,0,US, 07/01/2016
0,0,233,0,US, 07/01/2016
0,0,167,0,US, 07/01/2016
0,0,237,0,US, 07/01/2016
0,0,171,0,US, 07/01/2016
0,0,176,0,US, 07/01/2016
0,0,180,3,US, 07/01/2016
0,0,226,0,US, 07/01/2016
0,0,186,3,US, 07/01/2016
0,0,175,0,US, 07/01/2016
0,0,222,0,US, 07/01/2016
0,0,218,0,US, 07/01/2016
0,0,174,0,US, 07/01/2016
0,0,195,0,US, 07/01/2016
0,0,218,0,US, 07/01/2016
0,0,198,0,US, 07/01/2016
0,0,201,0,US, 07/01/2016
0,0,209,0,US, 07/01/2016
0,0,200,0,US, 07/01/2016
0,0,162,0,US, 07/01/2016
0,0,213,0,US, 07/01/2016
0,0,219,0,US, 07/01/2016
0,0,166,0,US, 07/01/2016
0,0,193,0,US, 07/01/2016
0,0,173,0,US, 07/01/2016
0,0,215,0,US, 07/01/2016
0,0,170,0,US, 07/01/2016
0,0,187,3,US, 07/01/2016
0,0,182,3,US, 07/01/2016
0,0,219,0,US, 07/01/2016
0,0,192,0,US, 07/01/2016
0,0,178,3,US, 07/01/2016
0,0,185,3,US, 07/01/2016
0,0,235,0,US, 07/01/2016
0,0,189,0,US, 08/01/2016
0,0,208,0,US, 08/01/2016
0,0,219,0,US, 08/01/2016
0,0,231,0,US, 08/01/2016
0,0,205,0,US, 08/01/2016
0,0,203,0,US, 08/01/2016
0,0,233,0,US, 08/01/2016
0,0,167,0,US, 08/01/2016
0,0,237,0,US, 08/01/2016
0,0,171,0,US, 08/01/2016
0,0,176,0,US, 08/01/2016
0,0,180,3,US, 08/01/2016
0,0,226,0,US, 08/01/2016
0,0,186,3,US, 08/01/2016
0,0,175,0,US, 08/01/2016
0,0,222,0,US, 08/01/2016
0,0,218,0,US, 08/01/2016
0,0,174,0,US, 08/01/2016
0,0,195,0,US, 08/01/2016
0,0,218,0,US, 08/01/2016
0,0,198,0,US, 08/01/2016
0,0,201,0,US, 08/01/2016
0,0,209,0,US, 08/01/2016
0,0,200,0,US, 08/01/2016
0,0,162,0,US, 08/01/2016
0,0,213,0,US, 08/01/2016
0,0,219,0,US, 08/01/2016
0,0,166,0,US, 08/01/2016
0,0,193,0,US, 08/01/2016
0,0,173,0,US, 08/01/2016
0,0,215,0,US, 08/01/2016
0,0,170,0,US, 08/01/2016
0,0,187,3,US, 08/01/2016
0,0,182,3,US, 08/01/2016
0,0,219,0,US, 08/01/2016
0,0,192,0,US, 08/01/2016
0,0,178,3,US, 08/01/2016
0,0,185,3,US, 08/01/2016
0,0,235,0,US, 08/01/2016
0,0,189,0,US, 09/01/2016
0,0,208,0,US, 09/01/2016
0,0,219,0,US, 09/01/2016
0,0,231,0,US, 09/01/2016
0,0,205,0,US, 09/01/2016
0,0,203,0,US, 09/01/2016
0,0,233,0,US, 09/01/2016
0,0,167,0,US, 09/01/2016
0,0,237,0,US, 09/01/2016
0,0,171,0,US, 09/01/2016
0,0,176,0,US, 09/01/2016
0,0,180,3,US, 09/01/2016
0,0,226,0,US, 09/01/2016
0,0,186,3,US, 09/01/2016
0,0,175,0,US, 09/01/2016
0,0,222,0,US, 09/01/2016
0,0,218,0,US, 09/01/2016
0,0,174,0,US, 09/01/2016
0,0,195,0,US, 09/01/2016
0,0,218,0,US, 09/01/2016
0,0,198,0,US, 09/01/2016
0,0,201,0,US, 09/01/2016
0,0,209,0,US, 09/01/2016
0,0,200,0,US, 09/01/2016
0,0,162,0,US, 09/01/2016
0,0,213,0,US, 09/01/2016
0,0,219,0,US, 09/01/2016
0,0,166,0,US, 09/01/2016
0,0,193,0,US, 09/01/2016
0,0,173,0,US, 09/01/2016
0,0,215,0,US, 09/01/2016
0,0,170,0,US, 09/01/2016
0,0,187,3,US, 09/01/2016
0,0,182,3,US, 09/01/2016
0,0,219,0,US, 09/01/2016
0,0,192,0,US, 09/01/2016
0,0,178,3,US, 09/01/2016
0,0,185,3,US, 09/01/2016
0,0,235,0,US, 09/01/2016
1988,52,189,0,US, 11/01/2016
1988,52,208,0,US, 11/01/2016
1988,52,219,0,US, 11/01/2016
1988,52,231,0,US, 11/01/2016
1988,52,205,0,US, 11/01/2016
1988,52,203,0,US, 11/01/2016
1988,52,233,0,US, 11/01/2016
1988,52,167,0,US, 11/01/2016
1988,52,237,0,US, 11/01/2016
1988,52,171,0,US, 11/01/2016
1988,52,176,0,US, 11/01/2016
1988,52,180,3,US, 11/01/2016
1988,52,226,0,US, 11/01/2016
1988,52,186,3,US, 11/01/2016
1988,52,175,0,US, 11/01/2016
1988,52,222,0,US, 11/01/2016
1988,52,218,0,US, 11/01/2016
1988,52,174,0,US, 11/01/2016
1988,52,195,0,US, 11/01/2016
1988,52,218,0,US, 11/01/2016
1988,52,198,0,US, 11/01/2016
1988,52,201,0,US, 11/01/2016
1988,52,209,0,US, 11/01/2016
1988,52,200,0,US, 11/01/2016
1988,52,162,0,US, 11/01/2016
1988,52,213,0,US, 11/01/2016
1988,52,219,0,US, 11/01/2016
1988,52,166,0,US, 11/01/2016
1988,52,193,0,US, 11/01/2016
1988,52,173,0,US, 11/01/2016
1988,52,215,0,US, 11/01/2016
1988,52,170,0,US, 11/01/2016
1988,52,187,3,US, 11/01/2016
1988,52,182,3,US, 11/01/2016
1988,52,219,0,US, 11/01/2016
1988,52,192,0,US, 11/01/2016
1988,52,178,3,US, 11/01/2016
1988,52,185,3,US, 11/01/2016
1988,52,235,0,US, 11/01/2016
1505,58,189,0,US, 01/01/2017
1505,58,208,0,US, 01/01/2017
1505,58,219,0,US, 01/01/2017
1505,58,231,0,US, 01/01/2017
1505,58,205,0,US, 01/01/2017
1505,58,203,0,US, 01/01/2017
1505,58,233,0,US, 01/01/2017
1505,58,167,0,US, 01/01/2017
1505,58,237,0,US, 01/01/2017
1505,58,171,0,US, 01/01/2017
1505,58,176,0,US, 01/01/2017
1505,58,180,3,US, 01/01/2017
1505,58,226,0,US, 01/01/2017
1505,58,186,3,US, 01/01/2017
1505,58,175,0,US, 01/01/2017
1505,58,222,0,US, 01/01/2017
1505,58,218,0,US, 01/01/2017
1505,58,174,0,US, 01/01/2017
1505,58,195,0,US, 01/01/2017
1505,58,218,0,US, 01/01/2017
1505,58,198,0,US, 01/01/2017
1505,58,201,0,US, 01/01/2017
1505,58,209,0,US, 01/01/2017
1505,58,200,0,US, 01/01/2017
1505,58,162,0,US, 01/01/2017
1505,58,213,0,US, 01/01/2017
1505,58,219,0,US, 01/01/2017
1505,58,166,0,US, 01/01/2017
1505,58,193,0,US, 01/01/2017
1505,58,173,0,US, 01/01/2017
1505,58,215,0,US, 01/01/2017
1505,58,170,0,US, 01/01/2017
1505,58,187,3,US, 01/01/2017
1505,58,182,3,US, 01/01/2017
1505,58,219,0,US, 01/01/2017
1505,58,192,0,US, 01/01/2017
1505,58,178,3,US, 01/01/2017
1505,58,185,3,US, 01/01/2017
1505,58,235,0,US, 01/01/2017
1116,52,189,0,US, 03/01/2017
1116,52,208,0,US, 03/01/2017
1116,52,219,0,US, 03/01/2017
1116,52,231,0,US, 03/01/2017
1116,52,205,0,US, 03/01/2017
1116,52,203,0,US, 03/01/2017
1116,52,233,0,US, 03/01/2017
1116,52,167,0,US, 03/01/2017
1116,52,237,0,US, 03/01/2017
1116,52,171,0,US, 03/01/2017
1116,52,176,0,US, 03/01/2017
1116,52,180,3,US, 03/01/2017
1116,52,226,0,US, 03/01/2017
1116,52,186,3,US, 03/01/2017
1116,52,175,0,US, 03/01/2017
1116,52,222,0,US, 03/01/2017
1116,52,218,0,US, 03/01/2017
1116,52,174,0,US, 03/01/2017
1116,52,195,0,US, 03/01/2017
1116,52,218,0,US, 03/01/2017
1116,52,198,0,US, 03/01/2017
1116,52,201,0,US, 03/01/2017
1116,52,209,0,US, 03/01/2017
1116,52,200,0,US, 03/01/2017
1116,52,162,0,US, 03/01/2017
1116,52,213,0,US, 03/01/2017
1116,52,219,0,US, 03/01/2017
1116,52,166,0,US, 03/01/2017
1116,52,193,0,US, 03/01/2017
1116,52,173,0,US, 03/01/2017
1116,52,215,0,US, 03/01/2017
1116,52,170,0,US, 03/01/2017
1116,52,187,3,US, 03/01/2017
1116,52,182,3,US, 03/01/2017
1116,52,219,0,US, 03/01/2017
1116,52,192,0,US, 03/01/2017
1116,52,178,3,US, 03/01/2017
1116,52,185,3,US, 03/01/2017
1116,52,235,0,US, 03/01/2017
1514,63,189,0,US, 06/01/2017
1514,63,208,0,US, 06/01/2017
1514,63,219,0,US, 06/01/2017
1514,63,231,0,US, 06/01/2017
1514,63,205,0,US, 06/01/2017
1514,63,203,0,US, 06/01/2017
1514,63,233,0,US, 06/01/2017
1514,63,167,0,US, 06/01/2017
1514,63,237,0,US, 06/01/2017
1514,63,171,0,US, 06/01/2017
1514,63,176,0,US, 06/01/2017
1514,63,180,3,US, 06/01/2017
1514,63,226,0,US, 06/01/2017
1514,63,186,3,US, 06/01/2017
1514,63,175,0,US, 06/01/2017
1514,63,222,0,US, 06/01/2017
1514,63,218,0,US, 06/01/2017
1514,63,174,0,US, 06/01/2017
1514,63,195,0,US, 06/01/2017
1514,63,218,0,US, 06/01/2017
1514,63,198,0,US, 06/01/2017
1514,63,201,0,US, 06/01/2017
1514,63,209,0,US, 06/01/2017
1514,63,200,0,US, 06/01/2017
1514,63,162,0,US, 06/01/2017
1514,63,213,0,US, 06/01/2017
1514,63,219,0,US, 06/01/2017
1514,63,166,0,US, 06/01/2017
1514,63,193,0,US, 06/01/2017
1514,63,173,0,US, 06/01/2017
1514,63,215,0,US, 06/01/2017
1514,63,170,0,US, 06/01/2017
1514,63,187,3,US, 06/01/2017
1514,63,182,3,US, 06/01/2017
1514,63,219,0,US, 06/01/2017
1514,63,192,0,US, 06/01/2017
1514,63,178,3,US, 06/01/2017
1514,63,185,3,US, 06/01/2017
1514,63,235,0,US, 06/01/2017
1533,65,189,0,US, 07/01/2017
1533,65,208,0,US, 07/01/2017
1533,65,219,0,US, 07/01/2017
1533,65,231,0,US, 07/01/2017
1533,65,205,0,US, 07/01/2017
1533,65,203,0,US, 07/01/2017
1533,65,233,0,US, 07/01/2017
1533,65,167,0,US, 07/01/2017
1533,65,237,0,US, 07/01/2017
1533,65,171,0,US, 07/01/2017
1533,65,176,0,US, 07/01/2017
1533,65,180,3,US, 07/01/2017
1533,65,226,0,US, 07/01/2017
1533,65,186,3,US, 07/01/2017
1533,65,175,0,US, 07/01/2017
1533,65,222,0,US, 07/01/2017
1533,65,218,0,US, 07/01/2017
1533,65,174,0,US, 07/01/2017
1533,65,195,0,US, 07/01/2017
1533,65,218,0,US, 07/01/2017
1533,65,198,0,US, 07/01/2017
1533,65,201,0,US, 07/01/2017
1533,65,209,0,US, 07/01/2017
1533,65,200,0,US, 07/01/2017
1533,65,162,0,US, 07/01/2017
1533,65,213,0,US, 07/01/2017
1533,65,219,0,US, 07/01/2017
1533,65,166,0,US, 07/01/2017
1533,65,193,0,US, 07/01/2017
1533,65,173,0,US, 07/01/2017
1533,65,215,0,US, 07/01/2017
1533,65,170,0,US, 07/01/2017
1533,65,187,3,US, 07/01/2017
1533,65,182,3,US, 07/01/2017
1533,65,219,0,US, 07/01/2017
1533,65,192,0,US, 07/01/2017
1533,65,178,3,US, 07/01/2017
1533,65,185,3,US, 07/01/2017
1533,65,235,0,US, 07/01/2017
1548,68,189,0,US, 08/01/2017
1548,68,208,0,US, 08/01/2017
1548,68,219,0,US, 08/01/2017
1548,68,231,0,US, 08/01/2017
1548,68,205,0,US, 08/01/2017
1548,68,203,0,US, 08/01/2017
1548,68,233,0,US, 08/01/2017
1548,68,167,0,US, 08/01/2017
1548,68,237,0,US, 08/01/2017
1548,68,171,0,US, 08/01/2017
1548,68,176,0,US, 08/01/2017
1548,68,180,3,US, 08/01/2017
1548,68,226,0,US, 08/01/2017
1548,68,186,3,US, 08/01/2017
1548,68,175,0,US, 08/01/2017
1548,68,222,0,US, 08/01/2017
1548,68,218,0,US, 08/01/2017
1548,68,174,0,US, 08/01/2017
1548,68,195,0,US, 08/01/2017
1548,68,218,0,US, 08/01/2017
1548,68,198,0,US, 08/01/2017
1548,68,201,0,US, 08/01/2017
1548,68,209,0,US, 08/01/2017
1548,68,200,0,US, 08/01/2017
1548,68,162,0,US, 08/01/2017
1548,68,213,0,US, 08/01/2017
1548,68,219,0,US, 08/01/2017
1548,68,166,0,US, 08/01/2017
1548,68,193,0,US, 08/01/2017
1548,68,173,0,US, 08/01/2017
1548,68,215,0,US, 08/01/2017
1548,68,170,0,US, 08/01/2017
1548,68,187,3,US, 08/01/2017
1548,68,182,3,US, 08/01/2017
1548,68,219,0,US, 08/01/2017
1548,68,192,0,US, 08/01/2017
1548,68,178,3,US, 08/01/2017
1548,68,185,3,US, 08/01/2017
1548,68,235,0,US, 08/01/2017
1386,59,189,0,US, 10/01/2017
1386,59,208,0,US, 10/01/2017
1386,59,219,0,US, 10/01/2017
1386,59,231,0,US, 10/01/2017
1386,59,205,0,US, 10/01/2017
1386,59,203,0,US, 10/01/2017
1386,59,233,0,US, 10/01/2017
1386,59,167,0,US, 10/01/2017
1386,59,237,0,US, 10/01/2017
1386,59,171,0,US, 10/01/2017
1386,59,176,0,US, 10/01/2017
1386,59,180,3,US, 10/01/2017
1386,59,226,0,US, 10/01/2017
1386,59,186,3,US, 10/01/2017
1386,59,175,0,US, 10/01/2017
1386,59,222,0,US, 10/01/2017
1386,59,218,0,US, 10/01/2017
1386,59,174,0,US, 10/01/2017
1386,59,195,0,US, 10/01/2017
1386,59,218,0,US, 10/01/2017
1386,59,198,0,US, 10/01/2017
1386,59,201,0,US, 10/01/2017
1386,59,209,0,US, 10/01/2017
1386,59,200,0,US, 10/01/2017
1386,59,162,0,US, 10/01/2017
1386,59,213,0,US, 10/01/2017
1386,59,219,0,US, 10/01/2017
1386,59,166,0,US, 10/01/2017
1386,59,193,0,US, 10/01/2017
1386,59,173,0,US, 10/01/2017
1386,59,215,0,US, 10/01/2017
1386,59,170,0,US, 10/01/2017
1386,59,187,3,US, 10/01/2017
1386,59,182,3,US, 10/01/2017
1386,59,219,0,US, 10/01/2017
1386,59,192,0,US, 10/01/2017
1386,59,178,3,US, 10/01/2017
1386,59,185,3,US, 10/01/2017
1386,59,235,0,US, 10/01/2017
979,42,189,0,US, 01/01/2018
979,42,208,0,US, 01/01/2018
979,42,219,0,US, 01/01/2018
979,42,231,0,US, 01/01/2018
979,42,205,0,US, 01/01/2018
979,42,203,0,US, 01/01/2018
979,42,233,0,US, 01/01/2018
979,42,167,0,US, 01/01/2018
979,42,237,0,US, 01/01/2018
979,42,171,0,US, 01/01/2018
979,42,176,0,US, 01/01/2018
979,42,180,3,US, 01/01/2018
979,42,226,0,US, 01/01/2018
979,42,186,3,US, 01/01/2018
979,42,175,0,US, 01/01/2018
979,42,222,0,US, 01/01/2018
979,42,218,0,US, 01/01/2018
979,42,174,0,US, 01/01/2018
979,42,195,0,US, 01/01/2018
979,42,218,0,US, 01/01/2018
979,42,198,0,US, 01/01/2018
979,42,201,0,US, 01/01/2018
979,42,209,0,US, 01/01/2018
979,42,200,0,US, 01/01/2018
979,42,162,0,US, 01/01/2018
979,42,213,0,US, 01/01/2018
979,42,219,0,US, 01/01/2018
979,42,166,0,US, 01/01/2018
979,42,193,0,US, 01/01/2018
979,42,173,0,US, 01/01/2018
979,42,215,0,US, 01/01/2018
979,42,170,0,US, 01/01/2018
979,42,187,3,US, 01/01/2018
979,42,182,3,US, 01/01/2018
979,42,219,0,US, 01/01/2018
979,42,192,0,US, 01/01/2018
979,42,178,3,US, 01/01/2018
979,42,185,3,US, 01/01/2018
979,42,235,0,US, 01/01/2018
1048,46,189,0,US, 02/01/2018
1048,46,208,0,US, 02/01/2018
1048,46,219,0,US, 02/01/2018
1048,46,231,0,US, 02/01/2018
1048,46,205,0,US, 02/01/2018
1048,46,203,0,US, 02/01/2018
1048,46,233,0,US, 02/01/2018
1048,46,167,0,US, 02/01/2018
1048,46,237,0,US, 02/01/2018
1048,46,171,0,US, 02/01/2018
1048,46,176,0,US, 02/01/2018
1048,46,180,3,US, 02/01/2018
1048,46,226,0,US, 02/01/2018
1048,46,186,3,US, 02/01/2018
1048,46,175,0,US, 02/01/2018
1048,46,222,0,US, 02/01/2018
1048,46,218,0,US, 02/01/2018
1048,46,174,0,US, 02/01/2018
1048,46,195,0,US, 02/01/2018
1048,46,218,0,US, 02/01/2018
1048,46,198,0,US, 02/01/2018
1048,46,201,0,US, 02/01/2018
1048,46,209,0,US, 02/01/2018
1048,46,200,0,US, 02/01/2018
1048,46,162,0,US, 02/01/2018
1048,46,213,0,US, 02/01/2018
1048,46,219,0,US, 02/01/2018
1048,46,166,0,US, 02/01/2018
1048,46,193,0,US, 02/01/2018
1048,46,173,0,US, 02/01/2018
1048,46,215,0,US, 02/01/2018
1048,46,170,0,US, 02/01/2018
1048,46,187,3,US, 02/01/2018
1048,46,182,3,US, 02/01/2018
1048,46,219,0,US, 02/01/2018
1048,46,192,0,US, 02/01/2018
1048,46,178,3,US, 02/01/2018
1048,46,185,3,US, 02/01/2018
1048,46,235,0,US, 02/01/2018
852,45,189,0,US, 04/01/2018
852,45,208,0,US, 04/01/2018
852,45,219,0,US, 04/01/2018
852,45,231,0,US, 04/01/2018
852,45,205,0,US, 04/01/2018
852,45,203,0,US, 04/01/2018
852,45,233,0,US, 04/01/2018
852,45,167,0,US, 04/01/2018
852,45,237,0,US, 04/01/2018
852,45,171,0,US, 04/01/2018
852,45,176,0,US, 04/01/2018
852,45,180,3,US, 04/01/2018
852,45,226,0,US, 04/01/2018
852,45,186,3,US, 04/01/2018
852,45,175,0,US, 04/01/2018
852,45,222,0,US, 04/01/2018
852,45,218,0,US, 04/01/2018
852,45,174,0,US, 04/01/2018
852,45,195,0,US, 04/01/2018
852,45,218,0,US, 04/01/2018
852,45,198,0,US, 04/01/2018
852,45,201,0,US, 04/01/2018
852,45,209,0,US, 04/01/2018
852,45,200,0,US, 04/01/2018
852,45,162,0,US, 04/01/2018
852,45,213,0,US, 04/01/2018
852,45,219,0,US, 04/01/2018
852,45,166,0,US, 04/01/2018
852,45,193,0,US, 04/01/2018
852,45,173,0,US, 04/01/2018
852,45,215,0,US, 04/01/2018
852,45,170,0,US, 04/01/2018
852,45,187,3,US, 04/01/2018
852,45,182,3,US, 04/01/2018
852,45,219,0,US, 04/01/2018
852,45,192,0,US, 04/01/2018
852,45,178,3,US, 04/01/2018
852,45,185,3,US, 04/01/2018
852,45,235,0,US, 04/01/2018
910,41,189,0,US, 06/11/2018
910,41,208,0,US, 06/11/2018
910,41,219,0,US, 06/11/2018
910,41,231,0,US, 06/11/2018
910,41,205,0,US, 06/11/2018
910,41,203,0,US, 06/11/2018
910,41,233,0,US, 06/11/2018
910,41,167,0,US, 06/11/2018
910,41,237,0,US, 06/11/2018
910,41,171,0,US, 06/11/2018
910,41,176,0,US, 06/11/2018
910,41,180,3,US, 06/11/2018
910,41,226,0,US, 06/11/2018
910,41,186,3,US, 06/11/2018
910,41,175,0,US, 06/11/2018
910,41,222,0,US, 06/11/2018
910,41,218,0,US, 06/11/2018
910,41,174,0,US, 06/11/2018
910,41,195,0,US, 06/11/2018
910,41,218,0,US, 06/11/2018
910,41,198,0,US, 06/11/2018
910,41,201,0,US, 06/11/2018
910,41,209,0,US, 06/11/2018
910,41,200,0,US, 06/11/2018
910,41,162,0,US, 06/11/2018
910,41,213,0,US, 06/11/2018
910,41,219,0,US, 06/11/2018
910,41,166,0,US, 06/11/2018
910,41,193,0,US, 06/11/2018
910,41,173,0,US, 06/11/2018
910,41,215,0,US, 06/11/2018
910,41,170,0,US, 06/11/2018
910,41,187,3,US, 06/11/2018
910,41,182,3,US, 06/11/2018
910,41,219,0,US, 06/11/2018
910,41,192,0,US, 06/11/2018
910,41,178,3,US, 06/11/2018
910,41,185,3,US, 06/11/2018
910,41,235,0,US, 06/11/2018
910,41,189,0,US, 06/25/2018
910,41,208,0,US, 06/25/2018
910,41,219,0,US, 06/25/2018
910,41,231,0,US, 06/25/2018
910,41,205,0,US, 06/25/2018
910,41,203,0,US, 06/25/2018
910,41,233,0,US, 06/25/2018
910,41,167,0,US, 06/25/2018
910,41,237,0,US, 06/25/2018
910,41,171,0,US, 06/25/2018
910,41,176,0,US, 06/25/2018
910,41,180,3,US, 06/25/2018
910,41,226,0,US, 06/25/2018
910,41,186,3,US, 06/25/2018
910,41,175,0,US, 06/25/2018
910,41,222,0,US, 06/25/2018
910,41,218,0,US, 06/25/2018
910,41,174,0,US, 06/25/2018
910,41,195,0,US, 06/25/2018
910,41,218,0,US, 06/25/2018
910,41,198,0,US, 06/25/2018
910,41,201,0,US, 06/25/2018
910,41,209,0,US, 06/25/2018
910,41,200,0,US, 06/25/2018
910,41,162,0,US, 06/25/2018
910,41,213,0,US, 06/25/2018
910,41,219,0,US, 06/25/2018
910,41,166,0,US, 06/25/2018
910,41,193,0,US, 06/25/2018
910,41,173,0,US, 06/25/2018
910,41,215,0,US, 06/25/2018
910,41,170,0,US, 06/25/2018
910,41,187,3,US, 06/25/2018
910,41,182,3,US, 06/25/2018
910,41,219,0,US, 06/25/2018
910,41,192,0,US, 06/25/2018
910,41,178,3,US, 06/25/2018
910,41,185,3,US, 06/25/2018
910,41,235,0,US, 06/25/2018
976,43,189,0,US, 08/27/2018
976,43,208,0,US, 08/27/2018
976,43,219,0,US, 08/27/2018
976,43,231,0,US, 08/27/2018
976,43,205,0,US, 08/27/2018
976,43,203,0,US, 08/27/2018
976,43,233,0,US, 08/27/2018
976,43,167,0,US, 08/27/2018
976,43,237,0,US, 08/27/2018
976,43,171,0,US, 08/27/2018
976,43,176,0,US, 08/27/2018
976,43,180,3,US, 08/27/2018
976,43,226,0,US, 08/27/2018
976,43,186,3,US, 08/27/2018
976,43,175,0,US, 08/27/2018
976,43,222,0,US, 08/27/2018
976,43,218,0,US, 08/27/2018
976,43,174,0,US, 08/27/2018
976,43,195,0,US, 08/27/2018
976,43,218,0,US, 08/27/2018
976,43,198,0,US, 08/27/2018
976,43,201,0,US, 08/27/2018
976,43,209,0,US, 08/27/2018
976,43,200,0,US, 08/27/2018
976,43,162,0,US, 08/27/2018
976,43,213,0,US, 08/27/2018
976,43,219,0,US, 08/27/2018
976,43,166,0,US, 08/27/2018
976,43,193,0,US, 08/27/2018
976,43,173,0,US, 08/27/2018
976,43,215,0,US, 08/27/2018
976,43,170,0,US, 08/27/2018
976,43,187,3,US, 08/27/2018
976,43,182,3,US, 08/27/2018
976,43,219,0,US, 08/27/2018
976,43,192,0,US, 08/27/2018
976,43,178,3,US, 08/27/2018
976,43,185,3,US, 08/27/2018
976,43,235,0,US, 08/27/2018
1055,50,189,0,US, 10/15/2018
1055,50,208,0,US, 10/15/2018
1055,50,219,0,US, 10/15/2018
1055,50,231,0,US, 10/15/2018
1055,50,205,0,US, 10/15/2018
1055,50,203,0,US, 10/15/2018
1055,50,233,0,US, 10/15/2018
1055,50,167,0,US, 10/15/2018
1055,50,237,0,US, 10/15/2018
1055,50,171,0,US, 10/15/2018
1055,50,176,0,US, 10/15/2018
1055,50,180,3,US, 10/15/2018
1055,50,226,0,US, 10/15/2018
1055,50,186,3,US, 10/15/2018
1055,50,175,0,US, 10/15/2018
1055,50,222,0,US, 10/15/2018
1055,50,218,0,US, 10/15/2018
1055,50,174,0,US, 10/15/2018
1055,50,195,0,US, 10/15/2018
1055,50,218,0,US, 10/15/2018
1055,50,198,0,US, 10/15/2018
1055,50,201,0,US, 10/15/2018
1055,50,209,0,US, 10/15/2018
1055,50,200,0,US, 10/15/2018
1055,50,162,0,US, 10/15/2018
1055,50,213,0,US, 10/15/2018
1055,50,219,0,US, 10/15/2018
1055,50,166,0,US, 10/15/2018
1055,50,193,0,US, 10/15/2018
1055,50,173,0,US, 10/15/2018
1055,50,215,0,US, 10/15/2018
1055,50,170,0,US, 10/15/2018
1055,50,187,3,US, 10/15/2018
1055,50,182,3,US, 10/15/2018
1055,50,219,0,US, 10/15/2018
1055,50,192,0,US, 10/15/2018
1055,50,178,3,US, 10/15/2018
1055,50,185,3,US, 10/15/2018
1055,50,235,0,US, 10/15/2018
922,42,189,0,US, 12/03/2018
922,42,208,0,US, 12/03/2018
922,42,219,0,US, 12/03/2018
922,42,231,0,US, 12/03/2018
922,42,205,0,US, 12/03/2018
922,42,203,0,US, 12/03/2018
922,42,233,0,US, 12/03/2018
922,42,167,0,US, 12/03/2018
922,42,237,0,US, 12/03/2018
922,42,171,0,US, 12/03/2018
922,42,176,0,US, 12/03/2018
922,42,180,3,US, 12/03/2018
922,42,226,0,US, 12/03/2018
922,42,186,3,US, 12/03/2018
922,42,175,0,US, 12/03/2018
922,42,222,0,US, 12/03/2018
922,42,218,0,US, 12/03/2018
922,42,174,0,US, 12/03/2018
922,42,195,0,US, 12/03/2018
922,42,218,0,US, 12/03/2018
922,42,198,0,US, 12/03/2018
922,42,201,0,US, 12/03/2018
922,42,209,0,US, 12/03/2018
922,42,200,0,US, 12/03/2018
922,42,162,0,US, 12/03/2018
922,42,213,0,US, 12/03/2018
922,42,219,0,US, 12/03/2018
922,42,166,0,US, 12/03/2018
922,42,193,0,US, 12/03/2018
922,42,173,0,US, 12/03/2018
922,42,215,0,US, 12/03/2018
922,42,170,0,US, 12/03/2018
922,42,187,3,US, 12/03/2018
922,42,182,3,US, 12/03/2018
922,42,219,0,US, 12/03/2018
922,42,192,0,US, 12/03/2018
922,42,178,3,US, 12/03/2018
922,42,185,3,US, 12/03/2018
922,42,235,0,US, 12/03/2018
1432,45,189,0,US, 02/04/2019
1432,45,208,0,US, 02/04/2019
1432,45,219,0,US, 02/04/2019
1432,45,231,0,US, 02/04/2019
1432,45,205,0,US, 02/04/2019
1432,45,203,0,US, 02/04/2019
1432,45,233,0,US, 02/04/2019
1432,45,167,0,US, 02/04/2019
1432,45,237,0,US, 02/04/2019
1432,45,171,0,US, 02/04/2019
1432,45,176,0,US, 02/04/2019
1432,45,180,3,US, 02/04/2019
1432,45,226,0,US, 02/04/2019
1432,45,186,3,US, 02/04/2019
1432,45,175,0,US, 02/04/2019
1432,45,222,0,US, 02/04/2019
1432,45,218,0,US, 02/04/2019
1432,45,174,0,US, 02/04/2019
1432,45,195,0,US, 02/04/2019
1432,45,218,0,US, 02/04/2019
1432,45,198,0,US, 02/04/2019
1432,45,201,0,US, 02/04/2019
1432,45,209,0,US, 02/04/2019
1432,45,200,0,US, 02/04/2019
1432,45,162,0,US, 02/04/2019
1432,45,213,0,US, 02/04/2019
1432,45,219,0,US, 02/04/2019
1432,45,166,0,US, 02/04/2019
1432,45,193,0,US, 02/04/2019
1432,45,173,0,US, 02/04/2019
1432,45,215,0,US, 02/04/2019
1432,45,170,0,US, 02/04/2019
1432,45,187,3,US, 02/04/2019
1432,45,182,3,US, 02/04/2019
1432,45,219,0,US, 02/04/2019
1432,45,192,0,US, 02/04/2019
1432,45,178,3,US, 02/04/2019
1432,45,185,3,US, 02/04/2019
1432,45,235,0,US, 02/04/2019
1451,47,189,0,US, 03/25/2019
1451,47,208,0,US, 03/25/2019
1451,47,219,0,US, 03/25/2019
1451,47,231,0,US, 03/25/2019
1451,47,205,0,US, 03/25/2019
1451,47,203,0,US, 03/25/2019
1451,47,233,0,US, 03/25/2019
1451,47,167,0,US, 03/25/2019
1451,47,237,0,US, 03/25/2019
1451,47,171,0,US, 03/25/2019
1451,47,176,0,US, 03/25/2019
1451,47,180,3,US, 03/25/2019
1451,47,226,0,US, 03/25/2019
1451,47,186,3,US, 03/25/2019
1451,47,175,0,US, 03/25/2019
1451,47,222,0,US, 03/25/2019
1451,47,218,0,US, 03/25/2019
1451,47,174,0,US, 03/25/2019
1451,47,195,0,US, 03/25/2019
1451,47,218,0,US, 03/25/2019
1451,47,198,0,US, 03/25/2019
1451,47,201,0,US, 03/25/2019
1451,47,209,0,US, 03/25/2019
1451,47,200,0,US, 03/25/2019
1451,47,162,0,US, 03/25/2019
1451,47,213,0,US, 03/25/2019
1451,47,219,0,US, 03/25/2019
1451,47,166,0,US, 03/25/2019
1451,47,193,0,US, 03/25/2019
1451,47,173,0,US, 03/25/2019
1451,47,215,0,US, 03/25/2019
1451,47,170,0,US, 03/25/2019
1451,47,187,3,US, 03/25/2019
1451,47,182,3,US, 03/25/2019
1451,47,219,0,US, 03/25/2019
1451,47,192,0,US, 03/25/2019
1451,47,178,3,US, 03/25/2019
1451,47,185,3,US, 03/25/2019
1451,47,235,0,US, 03/25/2019
1437,45,189,0,US, 04/29/2019
1437,45,208,0,US, 04/29/2019
1437,45,219,0,US, 04/29/2019
1437,45,231,0,US, 04/29/2019
1437,45,205,0,US, 04/29/2019
1437,45,203,0,US, 04/29/2019
1437,45,233,0,US, 04/29/2019
1437,45,167,0,US, 04/29/2019
1437,45,237,0,US, 04/29/2019
1437,45,171,0,US, 04/29/2019
1437,45,176,0,US, 04/29/2019
1437,45,180,3,US, 04/29/2019
1437,45,226,0,US, 04/29/2019
1437,45,186,3,US, 04/29/2019
1437,45,175,0,US, 04/29/2019
1437,45,222,0,US, 04/29/2019
1437,45,218,0,US, 04/29/2019
1437,45,174,0,US, 04/29/2019
1437,45,195,0,US, 04/29/2019
1437,45,218,0,US, 04/29/2019
1437,45,198,0,US, 04/29/2019
1437,45,201,0,US, 04/29/2019
1437,45,209,0,US, 04/29/2019
1437,45,200,0,US, 04/29/2019
1437,45,162,0,US, 04/29/2019
1437,45,213,0,US, 04/29/2019
1437,45,219,0,US, 04/29/2019
1437,45,166,0,US, 04/29/2019
1437,45,193,0,US, 04/29/2019
1437,45,173,0,US, 04/29/2019
1437,45,215,0,US, 04/29/2019
1437,45,170,0,US, 04/29/2019
1437,45,187,3,US, 04/29/2019
1437,45,182,3,US, 04/29/2019
1437,45,219,0,US, 04/29/2019
1437,45,192,0,US, 04/29/2019
1437,45,178,3,US, 04/29/2019
1437,45,185,3,US, 04/29/2019
1437,45,235,0,US, 04/29/2019
1108,36,189,0,US, 06/17/2019
1108,36,208,0,US, 06/17/2019
1108,36,219,0,US, 06/17/2019
1108,36,231,0,US, 06/17/2019
1108,36,205,0,US, 06/17/2019
1108,36,203,0,US, 06/17/2019
1108,36,233,0,US, 06/17/2019
1108,36,167,0,US, 06/17/2019
1108,36,237,0,US, 06/17/2019
1108,36,171,0,US, 06/17/2019
1108,36,176,0,US, 06/17/2019
1108,36,180,3,US, 06/17/2019
1108,36,226,0,US, 06/17/2019
1108,36,186,3,US, 06/17/2019
1108,36,175,0,US, 06/17/2019
1108,36,222,0,US, 06/17/2019
1108,36,218,0,US, 06/17/2019
1108,36,174,0,US, 06/17/2019
1108,36,195,0,US, 06/17/2019
1108,36,218,0,US, 06/17/2019
1108,36,198,0,US, 06/17/2019
1108,36,201,0,US, 06/17/2019
1108,36,209,0,US, 06/17/2019
1108,36,200,0,US, 06/17/2019
1108,36,162,0,US, 06/17/2019
1108,36,213,0,US, 06/17/2019
1108,36,219,0,US, 06/17/2019
1108,36,166,0,US, 06/17/2019
1108,36,193,0,US, 06/17/2019
1108,36,173,0,US, 06/17/2019
1108,36,215,0,US, 06/17/2019
1108,36,170,0,US, 06/17/2019
1108,36,187,3,US, 06/17/2019
1108,36,182,3,US, 06/17/2019
1108,36,219,0,US, 06/17/2019
1108,36,192,0,US, 06/17/2019
1108,36,178,3,US, 06/17/2019
1108,36,185,3,US, 06/17/2019
1108,36,235,0,US, 06/17/2019
980,27,189,0,US, 09/23/2019
980,27,208,0,US, 09/23/2019
980,27,219,0,US, 09/23/2019
980,27,231,0,US, 09/23/2019
980,27,205,0,US, 09/23/2019
980,27,203,0,US, 09/23/2019
980,27,233,0,US, 09/23/2019
980,27,167,0,US, 09/23/2019
980,27,237,0,US, 09/23/2019
980,27,171,0,US, 09/23/2019
980,27,176,0,US, 09/23/2019
980,27,180,3,US, 09/23/2019
980,27,226,0,US, 09/23/2019
980,27,186,3,US, 09/23/2019
980,27,175,0,US, 09/23/2019
980,27,222,0,US, 09/23/2019
980,27,218,0,US, 09/23/2019
980,27,174,0,US, 09/23/2019
980,27,195,0,US, 09/23/2019
980,27,218,0,US, 09/23/2019
980,27,198,0,US, 09/23/2019
980,27,201,0,US, 09/23/2019
980,27,209,0,US, 09/23/2019
980,27,200,0,US, 09/23/2019
980,27,162,0,US, 09/23/2019
980,27,213,0,US, 09/23/2019
980,27,219,0,US, 09/23/2019
980,27,166,0,US, 09/23/2019
980,27,193,0,US, 09/23/2019
980,27,173,0,US, 09/23/2019
980,27,215,0,US, 09/23/2019
980,27,170,0,US, 09/23/2019
980,27,187,3,US, 09/23/2019
980,27,182,3,US, 09/23/2019
980,27,219,0,US, 09/23/2019
980,27,192,0,US, 09/23/2019
980,27,178,3,US, 09/23/2019
980,27,185,3,US, 09/23/2019
980,27,235,0,US, 09/23/2019
1404,42,189,0,US, 12/09/2019
1404,42,208,0,US, 12/09/2019
1404,42,219,0,US, 12/09/2019
1404,42,231,0,US, 12/09/2019
1404,42,205,0,US, 12/09/2019
1404,42,203,0,US, 12/09/2019
1404,42,233,0,US, 12/09/2019
1404,42,167,0,US, 12/09/2019
1404,42,237,0,US, 12/09/2019
1404,42,171,0,US, 12/09/2019
1404,42,176,0,US, 12/09/2019
1404,42,180,3,US, 12/09/2019
1404,42,226,0,US, 12/09/2019
1404,42,186,3,US, 12/09/2019
1404,42,175,0,US, 12/09/2019
1404,42,222,0,US, 12/09/2019
1404,42,218,0,US, 12/09/2019
1404,42,174,0,US, 12/09/2019
1404,42,195,0,US, 12/09/2019
1404,42,218,0,US, 12/09/2019
1404,42,198,0,US, 12/09/2019
1404,42,201,0,US, 12/09/2019
1404,42,209,0,US, 12/09/2019
1404,42,200,0,US, 12/09/2019
1404,42,162,0,US, 12/09/2019
1404,42,213,0,US, 12/09/2019
1404,42,219,0,US, 12/09/2019
1404,42,166,0,US, 12/09/2019
1404,42,193,0,US, 12/09/2019
1404,42,173,0,US, 12/09/2019
1404,42,215,0,US, 12/09/2019
1404,42,170,0,US, 12/09/2019
1404,42,187,3,US, 12/09/2019
1404,42,182,3,US, 12/09/2019
1404,42,219,0,US, 12/09/2019
1404,42,192,0,US, 12/09/2019
1404,42,178,3,US, 12/09/2019
1404,42,185,3,US, 12/09/2019
1404,42,235,0,US, 12/09/2019
1729,73,189,0,US, 02/24/2020
1729,73,208,0,US, 02/24/2020
1729,73,219,0,US, 02/24/2020
1729,73,231,0,US, 02/24/2020
1729,73,205,0,US, 02/24/2020
1729,73,203,0,US, 02/24/2020
1729,73,233,0,US, 02/24/2020
1729,73,167,0,US, 02/24/2020
1729,73,237,0,US, 02/24/2020
1729,73,171,0,US, 02/24/2020
1729,73,176,0,US, 02/24/2020
1729,73,180,3,US, 02/24/2020
1729,73,226,0,US, 02/24/2020
1729,73,186,3,US, 02/24/2020
1729,73,175,0,US, 02/24/2020
1729,73,222,0,US, 02/24/2020
1729,73,218,0,US, 02/24/2020
1729,73,174,0,US, 02/24/2020
1729,73,195,0,US, 02/24/2020
1729,73,218,0,US, 02/24/2020
1729,73,198,0,US, 02/24/2020
1729,73,201,0,US, 02/24/2020
1729,73,209,0,US, 02/24/2020
1729,73,200,0,US, 02/24/2020
1729,73,162,0,US, 02/24/2020
1729,73,213,0,US, 02/24/2020
1729,73,219,0,US, 02/24/2020
1729,73,166,0,US, 02/24/2020
1729,73,193,0,US, 02/24/2020
1729,73,173,0,US, 02/24/2020
1729,73,215,0,US, 02/24/2020
1729,73,170,0,US, 02/24/2020
1729,73,187,3,US, 02/24/2020
1729,73,182,3,US, 02/24/2020
1729,73,219,0,US, 02/24/2020
1729,73,192,0,US, 02/24/2020
1729,73,178,3,US, 02/24/2020
1729,73,185,3,US, 02/24/2020
1729,73,235,0,US, 02/24/2020
1702,70,189,0,US, 03/16/2020
1702,70,208,0,US, 03/16/2020
1702,70,219,0,US, 03/16/2020
1702,70,231,0,US, 03/16/2020
1702,70,205,0,US, 03/16/2020
1702,70,203,0,US, 03/16/2020
1702,70,233,0,US, 03/16/2020
1702,70,167,0,US, 03/16/2020
1702,70,237,0,US, 03/16/2020
1702,70,171,0,US, 03/16/2020
1702,70,176,0,US, 03/16/2020
1702,70,180,3,US, 03/16/2020
1702,70,226,0,US, 03/16/2020
1702,70,186,3,US, 03/16/2020
1702,70,175,0,US, 03/16/2020
1702,70,222,0,US, 03/16/2020
1702,70,218,0,US, 03/16/2020
1702,70,174,0,US, 03/16/2020
1702,70,195,0,US, 03/16/2020
1702,70,218,0,US, 03/16/2020
1702,70,198,0,US, 03/16/2020
1702,70,201,0,US, 03/16/2020
1702,70,209,0,US, 03/16/2020
1702,70,200,0,US, 03/16/2020
1702,70,162,0,US, 03/16/2020
1702,70,213,0,US, 03/16/2020
1702,70,219,0,US, 03/16/2020
1702,70,166,0,US, 03/16/2020
1702,70,193,0,US, 03/16/2020
1702,70,173,0,US, 03/16/2020
1702,70,215,0,US, 03/16/2020
1702,70,170,0,US, 03/16/2020
1702,70,187,3,US, 03/16/2020
1702,70,182,3,US, 03/16/2020
1702,70,219,0,US, 03/16/2020
1702,70,192,0,US, 03/16/2020
1702,70,178,3,US, 03/16/2020
1702,70,185,3,US, 03/16/2020
1702,70,235,0,US, 03/16/2020
1702,70,189,0,US, 03/23/2020
1702,70,208,0,US, 03/23/2020
1702,70,219,0,US, 03/23/2020
1702,70,231,0,US, 03/23/2020
1702,70,205,0,US, 03/23/2020
1702,70,203,0,US, 03/23/2020
1702,70,233,0,US, 03/23/2020
1702,70,167,0,US, 03/23/2020
1702,70,237,0,US, 03/23/2020
1702,70,171,0,US, 03/23/2020
1702,70,176,0,US, 03/23/2020
1702,70,180,3,US, 03/23/2020
1702,70,226,0,US, 03/23/2020
1702,70,186,3,US, 03/23/2020
1702,70,175,0,US, 03/23/2020
1702,70,222,0,US, 03/23/2020
1702,70,218,0,US, 03/23/2020
1702,70,174,0,US, 03/23/2020
1702,70,195,0,US, 03/23/2020
1702,70,218,0,US, 03/23/2020
1702,70,198,0,US, 03/23/2020
1702,70,201,0,US, 03/23/2020
1702,70,209,0,US, 03/23/2020
1702,70,200,0,US, 03/23/2020
1702,70,162,0,US, 03/23/2020
1702,70,213,0,US, 03/23/2020
1702,70,219,0,US, 03/23/2020
1702,70,166,0,US, 03/23/2020
1702,70,193,0,US, 03/23/2020
1702,70,173,0,US, 03/23/2020
1702,70,215,0,US, 03/23/2020
1702,70,170,0,US, 03/23/2020
1702,70,187,3,US, 03/23/2020
1702,70,182,3,US, 03/23/2020
1702,70,219,0,US, 03/23/2020
1702,70,192,0,US, 03/23/2020
1702,70,178,3,US, 03/23/2020
1702,70,185,3,US, 03/23/2020
1702,70,235,0,US, 03/23/2020
1665,67,189,0,US, 04/06/2020
1665,67,208,0,US, 04/06/2020
1665,67,219,0,US, 04/06/2020
1665,67,231,0,US, 04/06/2020
1665,67,205,0,US, 04/06/2020
1665,67,203,0,US, 04/06/2020
1665,67,233,0,US, 04/06/2020
1665,67,167,0,US, 04/06/2020
1665,67,237,0,US, 04/06/2020
1665,67,171,0,US, 04/06/2020
1665,67,176,0,US, 04/06/2020
1665,67,180,3,US, 04/06/2020
1665,67,226,0,US, 04/06/2020
1665,67,186,3,US, 04/06/2020
1665,67,175,0,US, 04/06/2020
1665,67,222,0,US, 04/06/2020
1665,67,218,0,US, 04/06/2020
1665,67,174,0,US, 04/06/2020
1665,67,195,0,US, 04/06/2020
1665,67,218,0,US, 04/06/2020
1665,67,198,0,US, 04/06/2020
1665,67,201,0,US, 04/06/2020
1665,67,209,0,US, 04/06/2020
1665,67,200,0,US, 04/06/2020
1665,67,162,0,US, 04/06/2020
1665,67,213,0,US, 04/06/2020
1665,67,219,0,US, 04/06/2020
1665,67,166,0,US, 04/06/2020
1665,67,193,0,US, 04/06/2020
1665,67,173,0,US, 04/06/2020
1665,67,215,0,US, 04/06/2020
1665,67,170,0,US, 04/06/2020
1665,67,187,3,US, 04/06/2020
1665,67,182,3,US, 04/06/2020
1665,67,219,0,US, 04/06/2020
1665,67,192,0,US, 04/06/2020
1665,67,178,3,US, 04/06/2020
1665,67,185,3,US, 04/06/2020
1665,67,235,0,US, 04/06/2020
1665,67,189,0,US, 04/20/2020
1665,67,208,0,US, 04/20/2020
1665,67,219,0,US, 04/20/2020
1665,67,231,0,US, 04/20/2020
1665,67,205,0,US, 04/20/2020
1665,67,203,0,US, 04/20/2020
1665,67,233,0,US, 04/20/2020
1665,67,167,0,US, 04/20/2020
1665,67,237,0,US, 04/20/2020
1665,67,171,0,US, 04/20/2020
1665,67,176,0,US, 04/20/2020
1665,67,180,3,US, 04/20/2020
1665,67,226,0,US, 04/20/2020
1665,67,186,3,US, 04/20/2020
1665,67,175,0,US, 04/20/2020
1665,67,222,0,US, 04/20/2020
1665,67,218,0,US, 04/20/2020
1665,67,174,0,US, 04/20/2020
1665,67,195,0,US, 04/20/2020
1665,67,218,0,US, 04/20/2020
1665,67,198,0,US, 04/20/2020
1665,67,201,0,US, 04/20/2020
1665,67,209,0,US, 04/20/2020
1665,67,200,0,US, 04/20/2020
1665,67,162,0,US, 04/20/2020
1665,67,213,0,US, 04/20/2020
1665,67,219,0,US, 04/20/2020
1665,67,166,0,US, 04/20/2020
1665,67,193,0,US, 04/20/2020
1665,67,173,0,US, 04/20/2020
1665,67,215,0,US, 04/20/2020
1665,67,170,0,US, 04/20/2020
1665,67,187,3,US, 04/20/2020
1665,67,182,3,US, 04/20/2020
1665,67,219,0,US, 04/20/2020
1665,67,192,0,US, 04/20/2020
1665,67,178,3,US, 04/20/2020
1665,67,185,3,US, 04/20/2020
1665,67,235,0,US, 04/20/2020
2493,92,189,0,US, 07/06/2020
2493,92,208,0,US, 07/06/2020
2493,92,219,0,US, 07/06/2020
2493,92,231,0,US, 07/06/2020
2493,92,205,0,US, 07/06/2020
2493,92,203,0,US, 07/06/2020
2493,92,233,0,US, 07/06/2020
2493,92,167,0,US, 07/06/2020
2493,92,237,0,US, 07/06/2020
2493,92,171,0,US, 07/06/2020
2493,92,176,0,US, 07/06/2020
2493,92,180,3,US, 07/06/2020
2493,92,226,0,US, 07/06/2020
2493,92,186,3,US, 07/06/2020
2493,92,175,0,US, 07/06/2020
2493,92,222,0,US, 07/06/2020
2493,92,218,0,US, 07/06/2020
2493,92,174,0,US, 07/06/2020
2493,92,195,0,US, 07/06/2020
2493,92,218,0,US, 07/06/2020
2493,92,198,0,US, 07/06/2020
2493,92,201,0,US, 07/06/2020
2493,92,209,0,US, 07/06/2020
2493,92,200,0,US, 07/06/2020
2493,92,162,0,US, 07/06/2020
2493,92,213,0,US, 07/06/2020
2493,92,219,0,US, 07/06/2020
2493,92,166,0,US, 07/06/2020
2493,92,193,0,US, 07/06/2020
2493,92,173,0,US, 07/06/2020
2493,92,215,0,US, 07/06/2020
2493,92,170,0,US, 07/06/2020
2493,92,187,3,US, 07/06/2020
2493,92,182,3,US, 07/06/2020
2493,92,219,0,US, 07/06/2020
2493,92,192,0,US, 07/06/2020
2493,92,178,3,US, 07/06/2020
2493,92,185,3,US, 07/06/2020
2493,92,235,0,US, 07/06/2020
3467,109,189,0,US, 11/09/2020
3467,109,208,0,US, 11/09/2020
3467,109,219,0,US, 11/09/2020
3467,109,231,0,US, 11/09/2020
3467,109,205,0,US, 11/09/2020
3467,109,203,0,US, 11/09/2020
3467,109,233,0,US, 11/09/2020
3467,109,167,0,US, 11/09/2020
3467,109,237,0,US, 11/09/2020
3467,109,171,0,US, 11/09/2020
3467,109,176,0,US, 11/09/2020
3467,109,180,3,US, 11/09/2020
3467,109,226,0,US, 11/09/2020
3467,109,186,3,US, 11/09/2020
3467,109,175,0,US, 11/09/2020
3467,109,222,0,US, 11/09/2020
3467,109,218,0,US, 11/09/2020
3467,109,174,0,US, 11/09/2020
3467,109,195,0,US, 11/09/2020
3467,109,218,0,US, 11/09/2020
3467,109,198,0,US, 11/09/2020
3467,109,201,0,US, 11/09/2020
3467,109,209,0,US, 11/09/2020
3467,109,200,0,US, 11/09/2020
3467,109,162,0,US, 11/09/2020
3467,109,213,0,US, 11/09/2020
3467,109,219,0,US, 11/09/2020
3467,109,166,0,US, 11/09/2020
3467,109,193,0,US, 11/09/2020
3467,109,173,0,US, 11/09/2020
3467,109,215,0,US, 11/09/2020
3467,109,170,0,US, 11/09/2020
3467,109,187,3,US, 11/09/2020
3467,109,182,3,US, 11/09/2020
3467,109,219,0,US, 11/09/2020
3467,109,192,0,US, 11/09/2020
3467,109,178,3,US, 11/09/2020
3467,109,185,3,US, 11/09/2020
3467,109,235,0,US, 11/09/2020
4084,115,189,0,US, 03/22/2021
4084,115,208,0,US, 03/22/2021
4084,115,219,0,US, 03/22/2021
4084,115,231,0,US, 03/22/2021
4084,115,205,0,US, 03/22/2021
4084,115,203,0,US, 03/22/2021
4084,115,233,0,US, 03/22/2021
4084,115,167,0,US, 03/22/2021
4084,115,237,0,US, 03/22/2021
4084,115,171,0,US, 03/22/2021
4084,115,176,0,US, 03/22/2021
4084,115,180,3,US, 03/22/2021
4084,115,226,0,US, 03/22/2021
4084,115,186,3,US, 03/22/2021
4084,115,175,0,US, 03/22/2021
4084,115,222,0,US, 03/22/2021
4084,115,218,0,US, 03/22/2021
4084,115,174,0,US, 03/22/2021
4084,115,195,0,US, 03/22/2021
4084,115,218,0,US, 03/22/2021
4084,115,198,0,US, 03/22/2021
4084,115,201,0,US, 03/22/2021
4084,115,209,0,US, 03/22/2021
4084,115,200,0,US, 03/22/2021
4084,115,162,0,US, 03/22/2021
4084,115,213,0,US, 03/22/2021
4084,115,219,0,US, 03/22/2021
4084,115,166,0,US, 03/22/2021
4084,115,193,0,US, 03/22/2021
4084,115,173,0,US, 03/22/2021
4084,115,215,0,US, 03/22/2021
4084,115,170,0,US, 03/22/2021
4084,115,187,3,US, 03/22/2021
4084,115,182,3,US, 03/22/2021
4084,115,219,0,US, 03/22/2021
4084,115,192,0,US, 03/22/2021
4084,115,178,3,US, 03/22/2021
4084,115,185,3,US, 03/22/2021
4084,115,235,0,US, 03/22/2021
3540,103,189,0,US, 06/07/2021
3540,103,208,0,US, 06/07/2021
3540,103,219,0,US, 06/07/2021
3540,103,231,0,US, 06/07/2021
3540,103,205,0,US, 06/07/2021
3540,103,203,0,US, 06/07/2021
3540,103,233,0,US, 06/07/2021
3540,103,167,0,US, 06/07/2021
3540,103,237,0,US, 06/07/2021
3540,103,171,0,US, 06/07/2021
3540,103,176,0,US, 06/07/2021
3540,103,180,3,US, 06/07/2021
3540,103,226,0,US, 06/07/2021
3540,103,186,3,US, 06/07/2021
3540,103,175,0,US, 06/07/2021
3540,103,222,0,US, 06/07/2021
3540,103,218,0,US, 06/07/2021
3540,103,174,0,US, 06/07/2021
3540,103,195,0,US, 06/07/2021
3540,103,218,0,US, 06/07/2021
3540,103,198,0,US, 06/07/2021
3540,103,201,0,US, 06/07/2021
3540,103,209,0,US, 06/07/2021
3540,103,200,0,US, 06/07/2021
3540,103,162,0,US, 06/07/2021
3540,103,213,0,US, 06/07/2021
3540,103,219,0,US, 06/07/2021
3540,103,166,0,US, 06/07/2021
3540,103,193,0,US, 06/07/2021
3540,103,173,0,US, 06/07/2021
3540,103,215,0,US, 06/07/2021
3540,103,170,0,US, 06/07/2021
3540,103,187,3,US, 06/07/2021
3540,103,182,3,US, 06/07/2021
3540,103,219,0,US, 06/07/2021
3540,103,192,0,US, 06/07/2021
3540,103,178,3,US, 06/07/2021
3540,103,185,3,US, 06/07/2021
3540,103,235,0,US, 06/07/2021
3426,99,189,0,US, 07/26/2021
3426,99,208,0,US, 07/26/2021
3426,99,219,0,US, 07/26/2021
3426,99,231,0,US, 07/26/2021
3426,99,205,0,US, 07/26/2021
3426,99,203,0,US, 07/26/2021
3426,99,233,0,US, 07/26/2021
3426,99,167,0,US, 07/26/2021
3426,99,237,0,US, 07/26/2021
3426,99,171,0,US, 07/26/2021
3426,99,176,0,US, 07/26/2021
3426,99,180,3,US, 07/26/2021
3426,99,226,0,US, 07/26/2021
3426,99,186,3,US, 07/26/2021
3426,99,175,0,US, 07/26/2021
3426,99,222,0,US, 07/26/2021
3426,99,218,0,US, 07/26/2021
3426,99,174,0,US, 07/26/2021
3426,99,195,0,US, 07/26/2021
3426,99,218,0,US, 07/26/2021
3426,99,198,0,US, 07/26/2021
3426,99,201,0,US, 07/26/2021
3426,99,209,0,US, 07/26/2021
3426,99,200,0,US, 07/26/2021
3426,99,162,0,US, 07/26/2021
3426,99,213,0,US, 07/26/2021
3426,99,219,0,US, 07/26/2021
3426,99,166,0,US, 07/26/2021
3426,99,193,0,US, 07/26/2021
3426,99,173,0,US, 07/26/2021
3426,99,215,0,US, 07/26/2021
3426,99,170,0,US, 07/26/2021
3426,99,187,3,US, 07/26/2021
3426,99,182,3,US, 07/26/2021
3426,99,219,0,US, 07/26/2021
3426,99,192,0,US, 07/26/2021
3426,99,178,3,US, 07/26/2021
3426,99,185,3,US, 07/26/2021
3426,99,235,0,US, 07/26/2021
3278,124,189,0,US, 10/18/2021
3278,124,208,0,US, 10/18/2021
3278,124,219,0,US, 10/18/2021
3278,124,231,0,US, 10/18/2021
3278,124,205,0,US, 10/18/2021
3278,124,203,0,US, 10/18/2021
3278,124,233,0,US, 10/18/2021
3278,124,167,0,US, 10/18/2021
3278,124,237,0,US, 10/18/2021
3278,124,171,0,US, 10/18/2021
3278,124,176,0,US, 10/18/2021
3278,124,180,3,US, 10/18/2021
3278,124,226,0,US, 10/18/2021
3278,124,186,3,US, 10/18/2021
3278,124,175,0,US, 10/18/2021
3278,124,222,0,US, 10/18/2021
3278,124,218,0,US, 10/18/2021
3278,124,174,0,US, 10/18/2021
3278,124,195,0,US, 10/18/2021
3278,124,218,0,US, 10/18/2021
3278,124,198,0,US, 10/18/2021
3278,124,201,0,US, 10/18/2021
3278,124,209,0,US, 10/18/2021
3278,124,200,0,US, 10/18/2021
3278,124,162,0,US, 10/18/2021
3278,124,213,0,US, 10/18/2021
3278,124,219,0,US, 10/18/2021
3278,124,166,0,US, 10/18/2021
3278,124,193,0,US, 10/18/2021
3278,124,173,0,US, 10/18/2021
3278,124,215,0,US, 10/18/2021
3278,124,170,0,US, 10/18/2021
3278,124,187,3,US, 10/18/2021
3278,124,182,3,US, 10/18/2021
3278,124,219,0,US, 10/18/2021
3278,124,192,0,US, 10/18/2021
3278,124,178,3,US, 10/18/2021
3278,124,185,3,US, 10/18/2021
3278,124,235,0,US, 10/18/2021
